,precision,recall,f1-score,support
0,0.9892382556616133,0.9801576263328697,0.9846770061944018,10785.0
1,0.8408921933085501,0.9077046548956661,0.8730219992280972,1246.0
accuracy,0.9726539772255008,0.9726539772255008,0.9726539772255008,0.9726539772255008
macro avg,0.9150652244850817,0.9439311406142679,0.9288495027112496,12031.0
weighted avg,0.973874678760947,0.9726539772255008,0.97311336737136,12031.0
